epoch,time,train/loss,metrics/accuracy_top1,metrics/accuracy_top5,val/loss,lr/pg0,lr/pg1,lr/pg2
1,227.613,1.35946,0.8915,0.9877,0.38027,0.000330808,0.000330808,0.000330808
2,451.672,0.3225,0.9698,0.99217,0.07925,0.000657566,0.000657566,0.000657566
3,674.751,0.10026,0.97651,0.99776,0.06684,0.000977725,0.000977725,0.000977725
4,898.524,0.09818,0.99553,1,0.02075,0.0009703,0.0009703,0.0009703
5,1119.9,0.0419,0.99441,1,0.01434,0.0009604,0.0009604,0.0009604
6,1341.8,0.07026,0.99217,1,0.02379,0.0009505,0.0009505,0.0009505
7,1562.21,0.0417,0.99664,1,0.00733,0.0009406,0.0009406,0.0009406
8,1783.98,0.02987,0.99776,1,0.0074,0.0009307,0.0009307,0.0009307
9,2005.72,0.03086,0.99664,1,0.00702,0.0009208,0.0009208,0.0009208
10,2228.66,0.02721,0.99664,1,0.00747,0.0009109,0.0009109,0.0009109
11,2449.18,0.01967,0.99888,1,0.00399,0.000901,0.000901,0.000901
12,2676.49,0.01871,1,1,0.00315,0.0008911,0.0008911,0.0008911
13,2897.24,0.02284,0.99888,1,0.00335,0.0008812,0.0008812,0.0008812
14,3118.6,0.01776,0.99776,1,0.00355,0.0008713,0.0008713,0.0008713
15,3339.57,0.01277,0.99888,1,0.00364,0.0008614,0.0008614,0.0008614
16,3565.12,0.01532,1,1,0.00114,0.0008515,0.0008515,0.0008515
17,3784.68,0.00954,1,1,0.00137,0.0008416,0.0008416,0.0008416
18,4004.7,0.01132,1,1,0.00056,0.0008317,0.0008317,0.0008317
19,4227.29,0.00974,1,1,0.00068,0.0008218,0.0008218,0.0008218
20,4447.79,0.00573,1,1,0.00091,0.0008119,0.0008119,0.0008119
21,4667.9,0.00696,1,1,0.00012,0.000802,0.000802,0.000802
22,4887.41,0.00654,1,1,0.00019,0.0007921,0.0007921,0.0007921
23,5110.02,0.00959,0.99776,1,0.00449,0.0007822,0.0007822,0.0007822
24,5329.59,0.00799,1,1,6e-05,0.0007723,0.0007723,0.0007723
25,5552.18,0.00815,0.99888,1,0.00252,0.0007624,0.0007624,0.0007624
26,5769.99,0.01561,0.99776,1,0.00368,0.0007525,0.0007525,0.0007525
27,5985.67,0.01794,0.99776,1,0.00444,0.0007426,0.0007426,0.0007426
28,6202.27,0.00882,1,1,0.00096,0.0007327,0.0007327,0.0007327
29,6415.48,0.01271,0.99888,1,0.00183,0.0007228,0.0007228,0.0007228
30,6628.85,0.01573,0.99888,1,0.00131,0.0007129,0.0007129,0.0007129
31,6842.37,0.01073,1,1,0.00012,0.000703,0.000703,0.000703
32,7058.03,0.00913,1,1,0.0001,0.0006931,0.0006931,0.0006931
33,7272.65,0.00615,1,1,5e-05,0.0006832,0.0006832,0.0006832
34,7485.96,0.00507,1,1,8e-05,0.0006733,0.0006733,0.0006733
35,7699.06,0.00528,1,1,7e-05,0.0006634,0.0006634,0.0006634
36,7914.46,0.00367,1,1,3e-05,0.0006535,0.0006535,0.0006535
37,8128.61,0.00354,1,1,9e-05,0.0006436,0.0006436,0.0006436
38,8342.52,0.00787,1,1,0.00013,0.0006337,0.0006337,0.0006337
39,8555.37,0.00684,1,1,0.0001,0.0006238,0.0006238,0.0006238
40,8766.94,0.00534,1,1,0.00073,0.0006139,0.0006139,0.0006139
41,8981.55,0.00347,1,1,0.00091,0.000604,0.000604,0.000604
42,9193.2,0.00131,0.99888,1,0.0025,0.0005941,0.0005941,0.0005941
43,9406.74,0.00264,1,1,0.00015,0.0005842,0.0005842,0.0005842
44,9622.2,0.00662,1,1,0.00014,0.0005743,0.0005743,0.0005743
45,9837.24,0.0252,1,1,0.00016,0.0005644,0.0005644,0.0005644
46,10053,0.01681,1,1,0.00076,0.0005545,0.0005545,0.0005545
47,10267.8,0.00817,1,1,0.00084,0.0005446,0.0005446,0.0005446
48,10482.8,0.00713,1,1,0.00037,0.0005347,0.0005347,0.0005347
49,10698,0.00278,1,1,0.00016,0.0005248,0.0005248,0.0005248
50,10914.3,0.00624,1,1,0.00062,0.0005149,0.0005149,0.0005149
51,11128.8,0.00875,1,1,0.00144,0.000505,0.000505,0.000505
52,11343.7,0.01095,0.99888,1,0.00119,0.0004951,0.0004951,0.0004951
53,11559.4,0.00406,1,1,0.00046,0.0004852,0.0004852,0.0004852
54,11774.2,0.00292,1,1,9e-05,0.0004753,0.0004753,0.0004753
55,11988.5,0.00134,1,1,4e-05,0.0004654,0.0004654,0.0004654
56,12202.8,0.0033,1,1,0.00012,0.0004555,0.0004555,0.0004555
57,12416.9,0.00265,1,1,0.00032,0.0004456,0.0004456,0.0004456
58,12632.4,0.00208,1,1,0.00023,0.0004357,0.0004357,0.0004357
59,12847.8,0.00232,1,1,0.00022,0.0004258,0.0004258,0.0004258
60,13063.1,0.00473,1,1,0.00032,0.0004159,0.0004159,0.0004159
61,13278.2,0.0029,1,1,6e-05,0.000406,0.000406,0.000406
62,13494.3,0.00382,1,1,6e-05,0.0003961,0.0003961,0.0003961
63,13707.7,0.00212,1,1,1e-05,0.0003862,0.0003862,0.0003862
64,13922.8,0.0036,1,1,2e-05,0.0003763,0.0003763,0.0003763
65,14138.2,0.00385,1,1,3e-05,0.0003664,0.0003664,0.0003664
66,14352.6,0.00889,1,1,0.00012,0.0003565,0.0003565,0.0003565
67,14568.3,0.00905,0.99888,1,0.00139,0.0003466,0.0003466,0.0003466
68,14782,0.00349,1,1,0.00014,0.0003367,0.0003367,0.0003367
69,14995,0.00862,1,1,0.00013,0.0003268,0.0003268,0.0003268
70,15208.6,0.00481,1,1,3e-05,0.0003169,0.0003169,0.0003169
71,15422,0.00192,1,1,3e-05,0.000307,0.000307,0.000307
72,15635.8,0.0049,1,1,3e-05,0.0002971,0.0002971,0.0002971
73,15850.2,0.00193,1,1,5e-05,0.0002872,0.0002872,0.0002872
74,16065.2,0.00157,0.99888,1,0.00085,0.0002773,0.0002773,0.0002773
75,16279.3,0.00181,1,1,6e-05,0.0002674,0.0002674,0.0002674
76,16493.4,0.00047,1,1,4e-05,0.0002575,0.0002575,0.0002575
77,16706.5,0.00205,1,1,3e-05,0.0002476,0.0002476,0.0002476
78,16920.4,0.00118,1,1,5e-05,0.0002377,0.0002377,0.0002377
79,17135.5,0.00268,1,1,2e-05,0.0002278,0.0002278,0.0002278
80,17349.2,0.0008,1,1,4e-05,0.0002179,0.0002179,0.0002179
81,17562.4,0.00068,1,1,2e-05,0.000208,0.000208,0.000208
82,17775.1,0.00136,1,1,2e-05,0.0001981,0.0001981,0.0001981
83,17988.5,0.0013,1,1,4e-05,0.0001882,0.0001882,0.0001882
84,18202.1,0.00085,1,1,2e-05,0.0001783,0.0001783,0.0001783
85,18416.9,0.00128,1,1,7e-05,0.0001684,0.0001684,0.0001684
86,18629.1,0.0005,1,1,0.00016,0.0001585,0.0001585,0.0001585
87,18842.7,0.00092,1,1,0.00012,0.0001486,0.0001486,0.0001486
88,19055.9,0.00173,1,1,9e-05,0.0001387,0.0001387,0.0001387
89,19270.3,0.00049,1,1,0.00019,0.0001288,0.0001288,0.0001288
90,19484.8,0.00021,1,1,0.00011,0.0001189,0.0001189,0.0001189
91,19697.8,0.00242,1,1,0.00012,0.000109,0.000109,0.000109
92,19911.6,0.00041,1,1,9e-05,9.91e-05,9.91e-05,9.91e-05
93,20125.8,0.00048,1,1,9e-05,8.92e-05,8.92e-05,8.92e-05
94,20340.5,0.00097,1,1,5e-05,7.93e-05,7.93e-05,7.93e-05
95,20555.5,0.00053,1,1,5e-05,6.94e-05,6.94e-05,6.94e-05
96,20771.9,0.003,1,1,3e-05,5.95e-05,5.95e-05,5.95e-05
97,20985.2,0.00108,1,1,4e-05,4.96e-05,4.96e-05,4.96e-05
98,21200,0.00099,1,1,4e-05,3.97e-05,3.97e-05,3.97e-05
99,21414.8,0.00108,1,1,3e-05,2.98e-05,2.98e-05,2.98e-05
100,21628.9,0.00038,1,1,6e-05,1.99e-05,1.99e-05,1.99e-05
